domain,ip
0b4c3c9e-b712-410f-9e83-b20bef24b2f1.usrfiles.com,34.102.176.152
1008691.com,112.126.77.42
103-136-41-110.hosted-by-worldstream.net,103.136.41.110
103-136-41-159.hosted-by-worldstream.net,103.136.41.159
123hpcom.site,198.54.115.164
2.indexsinas.me,"211.119.107.2,203.147.6.30,58.230.118.70"
21robo.com,107.172.94.51
33rdderryscouts.com,5.77.41.150
360.lcy2zzx.pw,114.202.175.144
360down7.miiyun.cn,"112.85.219.157,112.85.219.155,112.85.219.147,112.85.219.150,112.85.219.153,112.85.219.156,112.85.219.151"
420creditcardmachine.com,107.180.21.52
42502d2a-e7ed-4a16-9f11-33ffe6c54021.usrfiles.com,34.102.176.152
7eminotopark.com,89.163.146.219
8db3b91a-ea93-419b-b51b-0a69902759c5.usrfiles.com,34.102.176.152
92c49223-b37f-4157-904d-daf4679f14d5.usrfiles.com,34.102.176.152
a.oracleservice.top,"104.21.4.163,172.67.132.65"
aandllandscaping.ca,192.232.219.82
aarsaindustries.com,103.87.173.217
aayushakti.com,173.201.191.15
abbalin.com,162.0.209.80
abbmedikal.com,93.89.224.188
abissnet.net,80.91.126.9
abj.noveltypolytechnic.edu.ng,
abmaxdigital.com,51.79.72.47
acellr.co.uk,160.153.128.6
acera.co.uk,216.219.81.50
acertoinformatica.com.br,23.111.169.218
activa-ghana.com,160.153.133.143
adcentsmedia.co.ke,192.185.96.120
adityasolsurf.in,103.21.58.181
admin.classified.pointsource.ng,139.162.200.189
aduanasctpp.com,34.98.99.30
agdm.ml,"172.67.215.31,104.21.59.55"
agemn.co.za,41.185.8.73
agenciaml.com.br,192.185.131.54
aimlaminates.com,103.195.185.149
ajhzgx.oss-cn-hangzhou.aliyuncs.com,47.110.23.125
alberts.diamondrelationscrm.us,13.59.81.18
alemelektronik.com,185.126.176.84
alinac.ca,64.40.126.65
allamapianoawards.com,198.49.67.138
almamunonline.net,209.240.106.234
alsafwa.com.ly,154.16.119.29
amarteargentina.com.ar,66.97.40.114
amazingholidaysmaldives.com,"172.67.213.140,104.21.53.147"
amazingshowerdoor.ca,66.198.244.133
amooma.sourcetaggers.com,209.159.155.2
amorespasalon.com,74.208.236.147
andrewpharma.com,112.175.184.95
angel.bk.idv.tw,203.204.237.108
anguianoss.com,65.99.252.204
anlagencrm.com.br,192.185.213.128
annesimonnot.com,217.160.0.176
aosafrica.co.za,41.185.110.59
apexcreative.co.kr,61.14.209.21
api-ms.cobainaja.id,103.55.39.178
api.52kkg.com,163.181.22.210
api.cstdevs.com,70.32.23.96
apidev.sunworld.vn,222.255.178.14
app.contaup.online,45.225.26.58
applepaybanker.com,107.180.21.52
apps.redcrossglobal.ga,195.20.50.108
apps.saintsoporte.com,162.248.54.77
appyhorsey.com,66.175.58.9
ar.seprin.com.ar,"104.21.31.170,172.67.178.176"
ara-choob.com,185.118.152.195
areyoulivingwell.com,"45.223.36.36,45.223.30.36"
arkpp.com,61.61.127.68
armandotechnology.com.br,173.201.176.176
arquivos.cenize.com,"54.230.167.3,54.230.167.126,54.230.167.50,54.230.167.81"
arshadbrother.com,217.79.245.244
artinjefferson.com,198.105.219.4
artursemth.com,209.99.40.222
arushagems.com,160.153.137.218
ascendmedicalsupplies.co.ke,104.161.64.211
ashutoshgauttam.com,162.251.80.115
ashwagandha.co.in,49.50.70.249
aslforwarding.com,208.109.174.183
aspantovic.rs,176.104.107.77
aspectoarchitects.com,196.203.63.105
assets.dsztfso.cn,"218.12.76.150,120.52.95.245,120.52.95.244,218.12.76.151"
astatech-cn.com,78.110.166.82
astratrack.com,192.169.172.133
asturiaadm.com.br,192.185.211.54
asu.com.vn,103.28.37.70
autofficinaguerreri.it,185.2.4.26
automatizacionempresarial.com.co,156.67.72.116
azmeasurement.com,66.96.149.17
b.dxyzgame.com,"172.67.164.165,104.21.74.240"
badeggdesign.com,67.231.253.67
baldocortez.adv.br,162.214.100.208
banchann.com,198.244.129.130
bangkok-orchids.com,147.50.153.18
bangplamahospital.com,103.246.16.150
banrai.ac.th,43.229.149.99
barkodsolutions.com,162.0.229.248
barnhart-studios.com,66.175.58.9
basbeigium.com,185.26.106.165
baudesign.ge,185.163.200.11
bawatingbarter.com,66.49.200.140
bbg.az,50.87.142.220
bbia.co.uk,208.100.51.136
bbischool.ro,217.156.46.2
bbq.zzhreceive.top,209.141.37.237
bd.vomitbox.org,173.236.171.242
beachwood.ug,
bearcatpumps.com.cn,69.160.38.2
beeabouttown.com,66.175.58.9
bem.unja.ac.id,124.158.168.78
bencevendeghaz.hu,185.6.139.30
benconry.com,69.163.165.96
benwellgroup.co.uk,91.103.219.229
bespokeweddings.ie,185.151.30.145
bestprice-sa.com,72.167.52.170
bethelmbcarvada.org,208.97.177.194
bhaagya.app,"104.21.24.99,172.67.218.43"
bhandariclub.com,208.91.198.206
bimatek.co.id,103.105.253.250
binnuryetikdanismanlik.com.tr,162.241.148.13
blackpearlsinternational.com,184.168.104.3
blanche.gr,"172.67.170.185,104.21.71.153"
bleskoindustries.com,217.79.245.244
blissfulblinds.com,72.52.181.1
blog.aeromus.com,"172.67.133.24,104.21.13.205"
blog.stetgzs.cn,112.74.35.83
blueprogress.org,"104.21.42.15,172.67.155.25"
blumer.com.br,189.50.110.18
bmn.lpmpbanten.id,103.8.79.204
bmss.org.in,162.241.123.127
bobcatminer-store.e-mantra.in,
bodybarrefitness.ca,192.232.219.82
boji.nl,185.104.29.106
bombandoviagens.com.br,192.185.217.38
bondpertayenergy.com,192.3.45.50
borgelin.org,198.49.74.50
bosny.com,203.151.59.20
bouhertmaoutdoors.tn,178.32.77.113
boxtelreport.com,116.204.183.194
bpsjambi.id,103.144.228.238
brasslineindia.com,166.62.28.124
brennanasia.com,85.187.132.220
brideofmessiah.com,64.37.52.138
bridgesfoundationrepair.com,68.66.226.93
bridgetobalance.com,66.115.130.163
briptravel.com,186.64.114.125
british-shorthair.es,212.227.247.250
bronsky.kiev.ua,185.66.90.243
bsa.iain-jember.ac.id,103.161.253.5
buffetmazzi.com.br,186.225.153.230
bukjut11.com,198.54.125.58
bukuonline2u.com,67.222.131.174
bulldogironworksllc.com,162.214.98.126
burgermurger.com,185.165.46.170
buscascolegios.diit.cl,45.7.230.150
bustopaslaptys.lt,46.17.175.69
c.oooooooooo.ga,120.138.9.66
caioaraujo.vip,"172.67.197.69,104.21.52.85"
callswayroofco.com,151.101.66.159
calzadoyuyin.com,65.99.225.158
camminachetipassa.it,81.88.48.113
canconsulting.in,204.11.59.250
caragudigital.com.mx,192.185.131.153
casadorothea.com,174.127.108.153
casamuseoayerbe.co,190.60.223.37
casinoc.ru,"104.21.13.215,172.67.133.52"
cd.textfiles.com,208.86.224.90
cdaonline.com.ar,66.97.37.52
cdn-10049480.file.myqcloud.com,"14.204.186.139,116.136.159.128,112.90.43.134,115.56.90.59,58.243.200.113,115.56.90.113,36.248.43.217,122.188.38.246,116.136.159.99,36.248.43.220,222.138.71.240,116.177.248.108,42.7.60.108,112.194.66.251,119.36.226.229"
cdn.discordapp.com,"162.159.133.233,162.159.135.233,162.159.130.233,162.159.134.233,162.159.129.233"
centecelectric.com,216.36.128.242
centralcdmx.gq,"172.67.206.8,104.21.69.68"
centrichotel.com,"172.67.157.189,104.21.14.46"
certification.jacsai.org,166.62.28.101
ceysaenerji.com.tr,89.252.186.67
cfs10.blog.daum.net,"121.53.202.238,211.249.219.23,211.231.99.68,121.53.201.236,121.53.85.3,121.53.218.30"
cfs13.tistory.com,"121.53.85.3,121.53.218.30,211.231.99.68,121.53.201.236,121.53.202.238,211.249.219.23"
cfs5.tistory.com,"121.53.201.236,121.53.218.30,121.53.85.3,211.231.99.68,211.249.219.23,121.53.202.238"
cfs7.blog.daum.net,"121.53.85.3,121.53.201.236,121.53.202.238,121.53.218.30,211.231.99.68,211.249.219.23"
cfs9.blog.daum.net,"211.249.219.23,121.53.202.238,121.53.85.3,121.53.201.236,121.53.218.30,211.231.99.68"
ch1.spacermodem.com,195.181.169.92
chafferimpex.com,217.79.245.244
chastongroditski.com,66.175.58.9
chezalice.co.za,185.26.106.165
chiguruhospital.com,103.21.58.240
childselect.com,137.118.60.3
chiptune.com,185.88.60.242
christineinteriordesign.com,192.254.235.203
chuckozeas.com,74.208.236.79
chunawprachar.com,199.79.63.142
cifeer.net,185.135.241.37
ciidental.com.ec,208.91.198.81
cipro.mx,151.139.128.10
cis-tunisie.com,102.219.176.81
ckcuisine.com,50.87.110.165
cksacoustics.com,109.106.254.60
classicone.com.ng,198.46.141.66
classicpaint.net,192.138.189.90
claudioavelar.adv.br,177.55.116.185
cleaning.homesecuritypc.com,194.31.98.69
client.meetsusolutions.com,208.109.78.188
clientsdemoarea.com,162.251.80.26
clipgroups.com,163.44.198.39
cll.org.np,50.87.167.217
closehub.ru,"104.21.63.97,172.67.145.32"
cloud.fc.co.mz,198.38.82.73
cloudsoft.or.ke,144.91.69.83
clovekwealth.com,"172.67.180.228,104.21.75.194"
clovisclark.com,162.241.157.60
cnjskconstruction.com,103.224.22.153
cocoab.com,72.167.65.68
codeflakesstudio.com,185.63.253.122
codeload.github.com,13.124.75.135
cofenator.ru,"172.67.202.204,104.21.60.247"
coinince.com,68.65.123.177
colegiounamuno.es,192.254.164.155
commune-ariana.tn,41.226.27.17
compan.oss-cn-hongkong.aliyuncs.com,47.75.19.69
computiendastrevo.com,192.185.149.218
conderadio.tv,75.102.22.42
congtycamvinh.com,45.122.220.108
contigorentacar.com,107.180.21.230
continentalgroup.net.in,162.214.163.164
coop-host.com,77.68.64.18
coopacredito.com,162.241.60.19
corpernaija.com,23.94.16.6
corpolevesuplementos.com.br,156.67.74.117
corpotechgroup.com,"104.21.42.143,172.67.162.130"
cosf.com.br,192.185.216.154
count.mail.163.com.impactmedfoundation.com,199.204.248.115
crearechile.cl,131.72.236.53
crecerco.com,67.23.226.189
crecercreando.com,190.210.9.14
cricket.theglobalindia.net,
crmfarko.manivelasst.com,162.144.7.57
cryptoforextrading56.com,199.188.206.78
ctmibd.com,162.213.196.2
ctppuntarenas.com,162.241.62.140
cubicegg.asia,202.172.28.199
cursodeparapsicologia.org,104.206.225.200
cwnealrealestate.com,192.254.225.149
cynkon.kairoscs.net,132.148.192.226
d.powerofwish.com,110.10.147.202
d1.udashi.com,"42.7.60.108,116.136.159.128,58.243.200.113,36.248.43.220,14.204.186.139,116.177.248.108,112.194.66.251,115.56.90.113,36.248.43.217,122.188.38.246,112.90.43.134,119.36.226.229,115.56.90.59,116.136.159.99,222.138.71.240"
da.alibuf.com,183.111.205.12
danaevara.com,64.37.52.189
danialteb.com,194.5.188.24
danoblab.com,38.117.65.129
daohang1.oss-cn-beijing.aliyuncs.com,59.110.185.219
darkchemical.com,50.31.174.181
dashboard.khholdings.co.za,66.85.46.71
data-coin-data-13.com,35.204.14.187
data.over-blog-kiwi.com,185.128.239.80
datainline.com,200.110.156.200
dating.khokhas.co.za,154.0.168.111
davidmcguinness.info,64.37.52.52
dayyar.com,35.208.62.224
ddl8.data.hu,"217.65.97.73,217.65.97.75,217.65.97.74"
deb43e46-145f-4ebd-abfb-69a78b67bacf.usrfiles.com,34.102.176.152
deborarachelle.com,70.32.23.111
decorusfinancial.com,180.235.132.213
deine-bewerbung.com,217.160.0.106
demo-re-usables.inertiasoft.net,198.12.253.117
demo.cansunoto.com,188.132.217.108
demo.energianmittaus.fi,52.236.181.218
demo.fontecsys.net,85.236.156.12
demo.nhabe360.com,115.73.208.159
demonware.online,"172.67.222.253,104.21.17.63"
dental.xiaoxiao.media,143.95.229.16
desmiit.vn,103.75.187.17
destinymc.co.za,41.185.8.73
dev.crystalclearvapestore.co.uk,92.204.219.214
dev.sebpo.net,202.53.167.144
dev2-admin.ycbnt.net,175.126.123.148
dfsgbhnjmnyhtbgrvfd.top,80.66.64.98
diaplanu.com,108.179.226.186
dicarddy.com,194.5.156.14
digitalforwardersnetwork.com,66.198.246.62
dijicom.net,212.174.35.28
disbaramulla.com,162.241.85.21
discoveryast.com,192.254.186.118
disweb.sk,37.9.175.19
divinaprovidenciaautlan.com,"172.67.209.54,104.21.23.53"
diyafatimilehin.net,66.29.135.75
dj.ruppersalimentos.com.br,186.227.194.58
djtransport.ch,160.153.128.40
dl.1003b.56a.com,58.216.118.228
dl.198424.com,"101.226.26.201,101.226.26.202,101.226.26.200,101.226.26.207,101.226.26.204,101.226.26.205,101.226.26.203,101.226.26.206"
dl.9xu.com,122.225.105.23
dl.packetstormsecurity.net,198.84.60.200
dlqsclub.com,106.12.147.12
dmastermovers.co.za,129.232.249.34
dmeij.rimed.cu,200.55.156.187
docs.google.com,142.251.42.206
dom.daf.free.fr,212.27.63.116
donbaham.com,66.175.58.9
dongnaitw.com,210.245.90.209
doodumesighpror.pages.dev,"172.66.44.246,172.66.47.10"
down.1230578.com,119.206.200.180
down.pcclear.com,211.110.226.148
down.rxgif.cn,119.206.200.180
down.yjhyjl.cn,"42.4.53.211,113.1.0.33,112.90.43.190,116.169.51.71,61.54.91.228,101.70.154.119"
download.c3pool.com,129.226.180.53
download.caihong.com,"36.248.43.217,112.90.43.134,116.136.159.128,42.7.60.108,116.177.248.108,119.36.226.229,115.56.90.113,14.204.186.139,116.136.159.99,58.243.200.113,112.194.66.251,115.56.90.59,222.138.71.240,122.188.38.246,36.248.43.220"
download.doumaibiji.cn,"42.7.60.108,36.248.43.220,122.188.38.246,112.194.66.251,58.243.200.113,116.136.159.128,112.90.43.134,222.138.71.240,14.204.186.139,116.136.159.99,119.36.226.229,115.56.90.113,36.248.43.217,115.56.90.59,116.177.248.108"
download.rising.com.cn,"58.215.123.244,58.215.123.243,58.215.123.238,58.215.123.248,58.215.123.240,58.215.123.242,58.215.123.241,58.215.123.239"
download.skycn.com,116.114.98.35
downloads.bcweb.org.uk,195.74.154.218
drawino.com,3.6.34.216
drhanneserasmus.co.za,197.221.2.16
drive.google.com,172.217.161.46
drive.google.com.it-barcelona.com,37.32.98.129
drjaralampos.com,204.11.58.86
drjasonneuro.in,45.113.122.66
drkalan.com,63.250.38.60
drsha.innovativesolutions.mobi,198.136.54.70
drvikaskakkar.in,184.168.117.189
du-wizards.com,66.206.25.59
dukaree.com,62.12.116.118
dulhagharnh.com,148.66.136.214
dulichdichvu.net,45.122.220.108
dutapp.wisolve.co.za,102.130.115.163
dwellinganddesign.com,173.201.180.187
dwwmaster.com,121.36.207.120
dx.qqyewu.com,118.123.8.177
e-commerce.saleensuporte.com.br,192.185.215.34
e5web.com.br,50.116.112.167
easiercommunications.com,192.254.239.248
easybrand.vn,125.212.229.22
easyrentbyowner.com,107.180.51.8
easyviettravel.vn,103.18.7.210
ecim.azneomedia.ro,
ecoarch.com.tw,61.61.127.68
economina.net,186.64.119.245
edf41f52-452f-4671-a310-1da9f1d2ecd8.usrfiles.com,34.102.176.152
edoraseguros.com.br,209.126.103.109
edu.pmvanini.rs.gov.br,162.240.10.120
educajuris.cl,131.108.209.110
ef-web.com,
ehsanenterprises.com,107.161.181.220
eipweb.com,162.144.210.104
elamurray.com,66.84.31.11
elbacolleparadiso.it,185.2.5.60
elepanco.com,145.14.153.139
elmariesalas.info,"104.21.9.13,172.67.188.223"
emaids.co.za,169.1.24.166
emprendedorimbatible.com,108.167.172.151
en.baoend.com,45.34.93.230
endpointwellness.com,151.101.194.159
enkhmunkh.mn,166.62.10.185
environmentalaw.com,66.175.58.9
ergotherapeia-kalamata.gr,178.21.171.94
esquiudigital.com,200.58.110.204
estacioesportivavilanovailageltru.cat,173.212.200.32
estiloymadera.com.py,192.69.235.69
etisalatbuyback.com,212.2.198.90
ets-touristic.com,192.185.6.144
euro-designs.com,194.163.159.150
euromega.net,116.202.150.237
evergreendelhi.in,108.167.161.54
evoluicursos.com,216.172.172.187
excelsales.co.in,202.0.103.100
exilum.com,108.60.152.234
expansion360.net,70.32.20.67
expresolv.com,"104.21.39.143,172.67.146.29"
eznetb.synology.me,210.218.134.74
f.gogamef.com,"104.21.72.228,172.67.136.94"
faai-international.com,217.79.245.244
facelimpa.com.br,108.179.253.243
fahuu.com,144.126.137.4
falakbhardwaj.com,31.170.160.160
famesa.com.ar,66.97.39.32
faris.qa,192.185.103.123
fashionbyprincessmelodicaah.com,85.187.140.169
fastbike.xyz,119.18.54.136
fc.co.mz,198.38.82.73
fccatinsaat.com,204.11.59.91
fd.ushendu.com,"116.169.51.71,61.54.91.228,113.1.0.33,101.70.154.119,112.90.43.190,42.4.53.211"
ferroconsultora.com.ar,200.58.120.249
fht.co.in,"104.21.3.31,172.67.130.38"
fikti.bem.gunadarma.ac.id,118.98.72.14
files.catbox.moe,107.160.74.131
filmfestival.sourcetaggers.com,209.159.155.2
financialfitnessservices.co.za,169.239.218.13
firebasestorage.googleapis.com,142.251.42.170
firmwareupdate.amdupdatepkg.com,104.156.63.249
fisika.mipa.uns.ac.id,103.23.224.70
fisioterapiaweb.com.br,192.99.62.23
fkd.derpcity.ru,92.207.203.157
fmesperanza945.com,200.58.111.29
foodfromthehearts.org,"172.67.145.209,104.21.28.98"
football.g-sports.gr,185.25.20.185
forgione.com.ar,23.227.176.11
formedable.nl,185.182.56.226
foto.kathybossa.com,162.241.60.63
fotoobjetivo.com,46.21.192.18
foundationrepairhoustontx.net,67.23.226.119
fpd.cl,190.96.85.98
fse.in.ua,193.93.217.127
fullelectronica.com.ar,"13.248.161.86,76.223.33.242"
fun2gag.com,192.185.52.148
funletters.net,216.177.153.14
furnituremanila.com,162.241.66.63
fyambe.news,66.96.147.101
fyarshi.com,35.179.10.226
g.githubupdate.com,104.156.63.249
g.nxxxn.ga,120.138.9.66
galaxy-catering.com.vn,210.2.86.103
galeriatiers.com.br,50.116.87.228
gan-n.cloud-downloader.com,"104.21.86.184,172.67.223.183"
gbsports.theapplab.org,192.169.136.66
gccon.in,202.65.145.148
genccagdas.com.tr,77.245.148.167
gengxin.poxiaowy.com,218.92.0.227
geowf.ge,185.163.200.34
gethomevaluerestoration.com,192.254.234.105
ggsteal.in,"172.67.135.95,104.21.26.44"
ghanaenergyawards.com,"172.67.197.239,104.21.21.101"
giaoductretuky.com,"172.67.128.22,104.21.1.217"
gitaramhospital.co.in,162.251.80.25
github.com,15.164.81.167
gla.ge,91.239.207.24
globartmag.com,"104.21.52.207,172.67.203.229"
glossycity.co.in,162.241.27.153
gnnmuebles.com,198.59.144.133
gnr.gtu.ge,109.205.46.4
gocnhotaichinh.com,45.252.249.36
godubai.club,
goldenasiacapital.com,192.254.138.203
goldlabeldesigns.net,192.185.35.29
goldoverseas.in,103.53.43.82
goodmarijuanaseeds.nl,192.254.234.35
goodstuffdist.com,162.241.224.113
googlydeal.com,107.155.93.134
gotovacoil.com,72.48.234.249
grand-element.ru,185.149.243.53
greenhillsacademy.org,"104.21.55.141,172.67.148.242"
greycoconut.com,180.149.241.246
grimmcm.com,66.175.58.9
groupsingh.com,"104.21.95.30,172.67.142.161"
grupobatistella.com.br,207.244.244.156
grupodorados.com.mx,200.52.68.202
grupomoxin.com.do,198.57.151.51
gruzof.by,178.159.242.43
gs.monerorx.com,"194.124.216.97,112.213.121.145"
gt-max.com.my,162.253.17.45
guillermomanrique.com.mx,67.227.236.238
gulshandynastyproject.com,68.178.233.42
gunstel.com,198.38.94.115
guvenilirsiteler.com,92.205.1.205
gzndfit.com,120.76.45.111
h.epelcdn.com,190.123.45.54
habbotips.free.fr,212.27.63.115
hadouken.top,2.56.59.196
haircutbar.com,198.98.48.208
hanashop.vn,103.82.198.54
haniafood.com,192.185.98.141
haribuilders.com,103.171.181.223
harleyqueretaro.com,63.247.138.144
harperhouseproducts.com,66.175.58.9
hashtagmedia.co.in,
hathaabeach.com,166.62.26.11
hb888.luminati-china.net,"211.152.132.26,211.152.132.109,211.152.132.85,211.152.132.56,211.152.133.12,211.152.132.74"
hcsnet.com.br,69.163.157.137
heattreatedpalletsla.com,148.72.100.62
heaventechnologies.com.pk,138.128.170.10
helmprecision.com,24.75.44.61
helpdeskserver.epelcdn.com,190.123.45.54
herchinfitout.com.sg,202.55.81.8
heyatek.com,198.57.151.35
heyyou6013.lowjunnhoi.repl.co,35.186.245.55
hitstation.nl,85.214.213.211
hkwindsacademy.synology.me,61.93.197.62
hlm-indonesia.com,103.6.206.146
hmtpolska.home.pl,89.161.161.241
ho280319001.hogibo.net,95.173.103.70
hoccu.vn,45.122.220.108
homeeflyer.com,108.167.172.176
honours.com.ng,"104.21.5.54,172.67.133.1"
hookedupboatclub.com,"107.154.146.108,45.60.96.108"
hospital.shuleyanguonline.co.ke,
hospitaldesitges.cat,46.16.63.100
hostingparacolombia.com,162.241.85.82
hotelhadieh.ir,79.175.145.198
houseatthebeachinoc.com,104.206.225.200
houstonmarinediesel.com,162.241.86.189
howebeautiful.com,66.175.58.9
howesitgoing.com,64.40.126.65
howimetyourdata.com,160.153.138.163
hqsistemas.com.ar,200.110.156.206
hr2019.vrcom7.com,43.254.133.189
hseda.com,118.123.21.52
htownbars.com,143.95.245.220
http,
hubvera.ac.ug,
hugebonus.drfelipecosta.com,186.64.114.110
humvegetarian.w3.eyeteam.vn,45.122.222.210
hunggiang.vn,125.212.221.47
i-dots.com,218.213.239.142
idea-time.com,31.170.166.136
ikatemia.untirta.ac.id,103.142.195.252
ikejaclub.org,139.162.200.189
ilialalagkou.com,116.202.196.141
iloop.sourcetaggers.com,209.159.155.2
ilpem-ar.com,"172.67.179.194,104.21.59.154"
imaginationtoon.com,"172.67.168.66,104.21.26.108"
imbueautoworx.co.za,41.185.8.73
imenikala.com,87.236.210.161
immunotec.network,
imperiodasespumas.com.br,108.179.193.179
imrennilaytufekci.com,5.44.154.204
inasam.com.mx,174.136.38.30
incrediblepixels.com,185.119.173.229
incredicole.com,38.111.141.109
indiamarriagebureau.in,"172.67.142.155,104.21.27.129"
indonesias.me,"120.76.245.218,222.186.137.38,211.149.222.28,106.12.107.159,39.108.155.143,137.74.81.148"
indrasbikaner.com,103.228.112.200
infamousproductions.biz,107.180.2.103
infuga.cl,"104.21.34.254,172.67.210.110"
ingenious.cl,138.0.120.14
innosolv-idine.com,67.23.226.180
innovciebcfiles.pages.dev,"172.66.47.188,172.66.44.68"
instratghs.com,192.254.185.39
insuranceseller.in,103.138.188.110
inventory.sourcetaggers.com,209.159.155.2
iqraacfindia.org,103.106.21.170
isaac.mikhailmotoringschool.com,64.37.52.73
j.xyzgamej.com,"172.67.221.89,104.21.75.107"
jamdygarbage.co.ke,167.86.98.80
japlatec.com,115.68.95.118
jay.diamondrelationscrm.us,13.59.81.18
jcedu.org,47.100.62.130
jcon.in,162.241.85.193
jeffdahlke.com,35.208.147.239
jhayesconsulting.com,64.37.52.52
jimmymerida.imd.com.bo,107.190.132.210
jitherbilance.in,119.18.54.31
jml.iptime.org,175.197.99.27
jointings.org,5.180.25.89
joker123.game,"172.67.218.2,104.21.43.37"
josymixmyhome.com.br,162.241.62.70
jr-software-web.net,138.219.41.210
jublieegolfvista.com,34.102.136.180
juntadeconfrariesdese.live-website.com,217.160.0.202
justplay.asia,112.213.89.145
juvios.com,"104.21.22.60,172.67.202.252"
jx.qingdaosheng.com,156.234.211.155
jx2caothu.com,103.200.22.212
jxwd.cc,"171.220.230.140,171.220.230.141,171.220.230.142,183.136.232.58,183.136.232.59,183.136.232.60,124.239.240.74,124.239.240.75,124.239.240.76,124.239.240.77,124.239.240.78,171.220.230.138,171.220.230.139"
kadigital.co.uk,101.0.117.129
kaptured.io,"172.67.223.237,104.21.32.156"
karenmanriquez.com,108.179.192.148
karer.by,93.125.99.66
kaspervandenberg.net,91.216.34.230
kenaridjaja.com,206.189.42.180
kenbrown-photo.com,50.87.249.17
keyesforsteuben.com,66.175.58.9
kickofflaos.com,"172.67.167.116,104.21.50.213"
kimjikuk.luxeone.cn,121.5.128.216
kimyen.net,103.255.237.239
kingmode.ir,185.231.115.208
kingspalmhomes.com,104.219.248.97
kinmirai.org,133.130.104.18
klija.net,"104.21.8.24,172.67.138.66"
kodekode.ac.ug,
kotakwarna.co.id,103.23.20.231
krisbadminton.com,103.125.80.30
kronostr.com,188.132.217.108
krusevo.gov.mk,104.152.64.207
kuluckaci.com,185.86.13.242
kustens.com,91.189.41.173
kutegiagoc.com,103.221.220.202
kwinglobal.dothome.co.kr,112.175.184.35
la-csi.com,69.195.105.215
laimesnamai.lt,193.219.65.110
laitfoundation.org,
lameguard.ru,84.201.166.155
landshop.ng,162.0.209.74
lasermobilesounds.co.uk,67.23.226.189
latinaked.club,
lceventos.net,162.241.5.72
ld.mediaget.com,"193.0.201.29,185.130.105.44"
ldgcorp.com,96.30.52.60
learnfastearn.com,68.65.120.178
learnviaonline.com,103.171.181.223
learnwithridm.com,151.106.124.210
leasiacherise.com,192.124.249.58
legend.nu,64.40.126.65
lennart.serv.se,195.196.66.199
library.arihantmbainstitute.ac.in,35.209.126.122
lifebotl.com,217.160.0.167
lightomech.in,162.241.27.153
lilyfill.com,162.144.180.43
lindnerelektroanlagen.de,185.137.168.76
linkintec.cn,122.114.12.229
linkvilleplayers.org,162.241.211.148
livetrack.in,52.172.211.121
lm.stagingarea.co.za,197.221.12.177
lms.cstdevs.com,70.32.23.96
loa-hk.com,85.187.132.220
locabonita.com,116.206.105.81
location-voitures.ma,82.163.176.105
lodhatheparkworli.in,34.102.136.180
lopespublicidade.com,209.126.103.109
ls-droid.com,109.106.250.191
ltc.typoten.com,64.37.52.152
lumanate.xyz,"172.67.138.70,104.21.94.169"
luminouspneuma.com,213.190.6.5
lupusmarketing.com,
luzytextura.com,185.37.226.48
macmor-media.com.au,
magnanimsystems.com,103.21.58.121
magnetode.com,5.181.218.111
maidahcontinental.co.in,"172.67.163.127,104.21.49.135"
maishabank.com,107.180.50.242
makeupuccino.com,202.138.242.1
maksi.feb.unib.ac.id,180.250.28.42
mall.payarena.com,132.145.71.96
mallineapp.com,"104.21.34.139,172.67.161.171"
man1mojokerto.xyz,153.92.9.62
mandom.co.id,103.89.5.69
marcowine.com,66.175.58.9
mario-sunjic.com,67.23.254.45
marksidfgs.ug,
marmaris.com.ua,91.206.30.88
marnersstyler.ug,
marquesvogt.com,217.160.0.227
martingrant.com,185.103.96.246
masazebogdan.rs,109.111.253.66
masidiomas.com,149.62.171.28
maskaniranian.com,185.128.81.120
mayuripadhi.com,199.79.63.245
mbgrm.com,69.65.3.168
mbsolutions.ge,91.239.206.128
mcapublicschool.com,103.133.214.149
mckinneytighe.com,72.48.234.249
mdgloyalty.lk,108.167.172.196
medianews.ge,91.208.144.164
medofast.in,199.79.63.176
meeweb.com,202.142.221.141
members.westnet.com.au,203.0.178.90
mepstein.com,69.163.217.207
meridianites.com,66.175.58.9
metalgas.com.ar,138.219.41.198
metrofordec.com,162.214.153.220
mewolters.nl,185.27.141.246
micarnitabbq.com,161.97.115.196
microlent.com,103.195.4.8
mikhailmotoringschool.com,64.37.52.73
milanstaffing.com,107.189.3.39
milhojas.is,"104.22.38.205,172.67.9.99,104.22.39.205"
millenniumoptic.com,198.38.88.145
mindfulness-travels.com,213.136.93.170
minka.com.mx,173.249.29.54
misterson.com,27.254.86.18
miturugi.main.jp,157.7.107.181
mkontakt.az,181.214.31.82
mncarteam.com,152.160.227.30
mnhr.com.my,202.75.41.108
mnpcbd.com,160.153.50.5
mohammadyarico.com,185.105.185.172
mohreshwar-19-east.com,68.178.233.42
moneybank.ddns.net,2.56.57.124
moorworld.com,211.149.139.157
mpesa.shuleyanguonline.co.ke,
mr-mahmoud-hassan.com,66.29.146.43
mrvpn.us,148.251.109.210
msc-services.s3.eu-west-3.amazonaws.com,52.95.155.0
mtc.joburg.org.za,105.28.108.165
mulmatdol.com,112.163.221.42
mvb.kz,
mwu.com.mx,109.106.254.27
my.cloudme.com,"83.140.241.8,83.140.241.7,83.140.241.10,83.140.241.9"
myphamcuatui.com,103.1.238.211
myqservice.com.ar,72.29.91.210
mysouthbay.com,50.87.248.26
mysura.it,81.29.220.36
nagains.azurewebsites.net,52.176.6.0
nakharinitwebhosting.com,43.229.78.96
nameh.mn,43.231.112.85
napolilovemark.com,160.153.129.31
nasapaul.com,"104.21.61.142,172.67.210.251"
natayakim.com,31.31.198.218
nbs.vizzhost.com,43.252.40.128
nenlineasv.com,64.37.52.32
neoexc.com,61.19.246.150
nerve.untergrund.net,185.88.60.242
nettube.com.br,200.160.122.148
new.delicon.co,150.129.234.19
newdevjyq.devjyq.com,115.28.38.228
newkano.com,103.45.230.202
news.run24hrs.com,"172.67.152.188,104.21.56.148"
ngdaycare.co.za,196.41.130.164
nhorangtreem.com,103.90.232.70
nienkz.nl,185.110.174.206
nigerianang.com,162.210.96.129
niluferozelguvenlik.com,185.26.146.100
niwf.sourcetaggers.com,209.159.155.2
nobius.org,209.182.198.65
northernstarboys.co.za,85.187.140.242
noustecnologia.com.br,108.167.169.122
nsb.org.uk,80.82.113.174
ntt-world.com,192.185.16.50
nycom.narasoft.com,211.172.241.52
oakspoutclosures.com,192.185.129.139
oazahotel.com.mk,209.205.200.74
oceancityrentalbyowner.com,104.206.225.200
ocmdbeachrentals.com,104.206.225.200
octcargo.com,199.79.62.190
odeon.co.in,148.251.13.45
office365.bellboyindia.com,
oftalmocity.com,209.59.139.149
ogenhukuk.com,94.138.200.30
ogsterling.com,103.76.231.95
ohsewgorgeous.co.uk,95.131.65.73
old.liceum9.ru,5.189.243.213
oleholeh.memangbeda.website,180.235.151.52
ombrapiatta.com,"172.67.158.214,104.21.41.10"
omeryener.com.tr,212.64.222.12
omnisat.webd.pl,194.181.228.130
oms.pappai.com,85.187.128.14
omscoc.pappai.com,85.187.128.14
oncrete-egy.com,"162.55.176.65,185.178.208.138"
onebet.co.ug,47.91.87.213
onemanband.in,162.251.85.157
onepieceark.dothome.co.kr,112.175.184.83
ongfiodeluz.org.br,186.250.243.165
online.creedglobal.in,107.189.161.156
ontherocksproductions.com,50.62.222.40
opencart-destek.com,193.53.98.181
opornik55.ru,92.255.191.209
oracle.zzhreceive.top,209.141.37.237
ordereasy.hk,42.2.93.31
orsan.gruporhynous.com,75.98.173.181
outdoortacklebox.com,198.136.61.225
ozemag.com,103.250.215.162
ozvita.club,185.68.16.90
p4936.webmo.fr,195.144.11.124
pablobrothel.com.ar,200.80.43.210
pacwebdesigns.com,35.209.176.170
padlet-uploads.storage.googleapis.com,34.64.4.48
pahaditrails.com,199.79.63.142
pandeicaruggiu.com,87.251.79.78
paperplus.pk,107.161.186.165
papillonweb.fr,163.172.100.17
paradoxlab.net,192.254.233.20
parallel.rockvideos.at,85.124.51.103
parking1.samayiot.com,103.235.105.76
parkwooddoors.co.nz,58.84.37.20
parolabhushan.com,92.249.44.100
parrotbay.net,104.206.225.200
pastebin.com,"104.20.67.143,104.20.68.143,172.67.34.170"
pastetext.net,135.181.192.116
pataphysics.net.au,101.0.114.115
patch2.51lg.com,61.153.183.102
patch2.99ddd.com,61.153.183.102
patch3.99ddd.com,61.153.183.106
patriciamirapsicologa.com,185.66.41.43
pawnest.com,103.211.216.141
pay.ewalletgold.com,208.76.249.58
pdpsouthafrica.org,41.185.8.150
perfectguard.hu,185.6.139.20
perpustekim.untirta.ac.id,103.142.195.252
petparadise.biz,66.49.200.140
phasdesign.com,112.104.52.227
phuket-expat-vaccinations.com,
physioacademy.co.uk,31.170.127.252
picsmaker.com,66.84.29.27
piffl.com,185.82.22.193
pikasho.com,"104.21.81.21,172.67.156.99"
pink99.com,153.232.64.46
pivot-to-virtual.com,72.29.91.162
plasfan.ind.br,69.49.115.40
pns.org.pk,203.124.44.180
posmicrosystems.com,66.96.146.84
prestasicash.com.ar,200.68.105.195
prestigehomeautomation.net,64.29.151.221
prevenzioneformazionelavoro.it,185.2.4.63
primaflor-sby.com,103.5.51.228
printee.shop,"104.21.78.196,172.67.136.165"
prisma.ae,68.66.216.41
profiteneh.com,162.0.235.197
promas.com,107.180.41.148
prosperbusinessdepot.com,192.185.157.182
protechasia.com,103.58.102.38
protokol.mx,45.181.41.6
prowayindustries.com,66.235.200.145
proyectartpanama.com,162.241.148.158
punjabdevelopersassociation.com.pk,192.185.98.68
puntamimarlik.com.tr,185.33.233.21
puppyshopnearme.in,116.206.105.81
pv-energy.net,181.214.142.111
qamaraltaf.com,107.161.191.229
qasbanpetrol.com,198.38.88.145
qingtianxcx.top,118.178.105.206
qmsled.com,162.215.255.41
rainbowisp.info,103.225.124.24
rajparis.in,162.214.80.15
ramseywetruss.com,209.159.145.46
rangsay.com,107.180.25.150
rankerstechnoschools.com,103.50.160.81
raqmnh.com,198.54.114.194
raw.githubusercontent.com,"185.199.108.133,185.199.109.133,185.199.110.133,185.199.111.133"
redmag-dz.com,188.130.7.154
refugeesglobal.org,
reifenquick.de,185.137.168.76
reime.dk,62.107.124.189
relaxindulge.co.nz,64.37.52.73
renton.apttechsol.com,198.38.82.23
reshake-official.com,192.185.39.228
retailelectricprovider.com,104.206.225.200
retailexpertscloud.com,148.66.136.6
retardantedefuegoperu.com,209.58.153.193
reviewhotline.co.za,
reviewrecap.co,"104.21.43.151,172.67.180.165"
ricambi.fixtofix.it,185.2.4.22
rinaadrianasusana.com,192.185.16.50
rinaefoundation.org.za,197.242.150.198
riopiscinas.com.br,162.241.85.131
rizwansulehria.com,160.153.128.35
robertmchilespe.com,66.175.58.9
rogerschultz.com,66.175.58.9
romanianpoints.com,86.35.1.13
rosenewshd.com,"172.67.197.14,104.21.21.82"
rthseguros.com,"104.21.20.64,172.67.191.214"
ru-japan.com,95.216.228.195
ruisgood.ru,185.26.112.217
rupayanpropertyfair.com,107.161.23.64
russk21.icu,62.204.41.27
rxquickpay.com,"162.159.137.85,162.159.138.85"
rylanderrichter.com,192.185.36.2
saffronflourmill.com,103.21.58.181
saffrontheindiankitchen.com,160.153.60.226
saintjosemariaschool.edu.pe,192.185.25.44
sainzim.co.za,41.185.8.73
santonja.com,92.205.24.214
sarassaco.com,145.14.153.139
sareeshaper.com,208.91.198.131
sbss.com.pk,203.124.44.180
scglobal.co.th,45.64.187.214
scr.gen.tr,185.26.145.94
scrapvanil.kz,185.98.5.200
sd-1093121-h00002.ferozo.net,200.58.109.250
sd-1684625-h00001.ferozo.net,66.97.34.127
seasidesolutions.com,192.185.163.185
sedes.si,91.195.147.54
semenpadanghospital.co.id,119.235.250.58
senbiaojita.com,125.65.108.71
seniorweekoc.net,104.206.225.200
senvisionmedias.com,173.212.223.48
server.easysalepage.in.th,185.78.164.180
server.toeicswt.co.kr,210.116.108.238
sh-alomar.com,160.153.131.153
shaheentbfoundation.com,138.128.170.10
shahikhana.cstdevs.com,70.32.23.96
shahrezamarket.amood-graphic.ir,212.33.195.74
shahu66.com,211.149.222.44
shailaenterprises.com,162.241.126.241
shaktimanthresher.com,192.185.129.35
shop.bci270.com,132.148.248.100
shunda321.com,"101.70.154.119,116.169.51.71,42.4.53.211,113.1.0.33,112.90.43.190,61.54.91.228"
silentplace.in,207.174.213.145
silvesterinmailand.com,"104.21.83.44,172.67.212.136"
simgestor.com.br,162.214.100.255
simproce.com,34.98.99.30
sindicato1ucm.cl,200.35.157.201
sistemaunificado.com.br,162.214.122.215
site.aau.edu.et,213.55.95.42
sites.google.com,216.58.220.142
skgroup.live,45.93.101.137
skinvisits.me,162.215.215.144
skydivingdzs.com,173.198.233.106
skyviewonlineltd.com,103.126.216.84
sleepstarlite-ozark.com,66.175.58.9
smstext247.com.ng,23.94.186.186
soapbeginshops.com,80.66.64.89
soft.110route.com,182.92.176.5
softclean.co.in,103.21.58.121
softdl.360tpcdn.com,"104.192.108.19,104.192.108.20,104.192.108.21,104.192.108.17"
solutiontrackers.com,192.254.184.244
sorathlions.com,108.60.212.220
source3.boys4dayz.com,"172.67.148.61,104.21.33.188"
spaceframe.mobi.space-frame.co.za,102.130.117.242
sparcalabar.lightzillion.com,
spent.com.pl,194.181.228.25
spetsesyachtcharter.gr,67.23.226.158
spices.com.sg,101.100.211.141
src1.minibai.com,"115.56.90.59,112.90.43.134,122.188.38.246,119.36.226.229,42.7.60.108,115.56.90.113,116.177.248.108,112.194.66.251,222.138.71.240,36.248.43.220,58.243.200.113,116.136.159.128,14.204.186.139,36.248.43.217,116.136.159.99"
srmcomputer.com,43.255.154.46
srv1.aztronic.com.br,191.235.104.103
srvmanos.no-ip.info,189.84.217.10
ss.monita.co.id,103.134.152.1
sspbluebox.com,"104.21.80.195,172.67.153.79"
st-florenceacademy.com,192.185.164.248
stackdigital.co.uk,192.124.249.80
stainedglassexpress.com,66.71.247.68
static-201-163-99-83.alestra.net.mx,201.163.99.83
static.3001.net,"185.232.59.133,69.28.62.189"
static.cz01.cn,58.216.118.200
stayinoceancitymd.com,104.206.225.200
steelcorp-fr.com,217.160.0.161
step1studios.com,23.229.197.98
sterongroup.com.ng,23.94.186.186
stnperu.com,149.56.185.74
stockmorehouse.com,164.52.146.12
storageapi.fleek.co,"104.18.7.145,104.18.6.145"
store.bizshopy.com,162.215.215.144
stpaulslouisville.com,162.214.79.75
strachanclark.com,85.187.132.220
streamerhub.co.za,169.1.24.155
stylesheet.faseaegasdfase.com,85.209.157.230
sudariocontabilidade.com.br,162.241.104.221
sun2u.com,"172.67.156.82,104.21.32.228"
sunruf.com,"104.21.47.188,172.67.150.143"
support.clz.kr,115.71.237.171
supportgameku.com,50.116.64.178
swatee.in,199.79.63.142
swwbia.com,35.208.35.183
sysproc.net,202.157.176.38
t.honker.info,112.175.114.125
tabinlodge.com,"104.21.51.198,172.67.185.127"
tadinda.co.za,"172.67.171.81,104.21.47.142"
tajir.com,23.229.199.163
talentacademyschool.com,192.185.113.115
talmacbelgelendirme.com.tr,93.89.224.146
tanlayseong.com,116.0.120.87
tara.globodyinc.biz,192.169.148.125
tatlub.com,207.55.249.72
taxclubpk.com,43.255.154.95
tc.snpsresidential.com,103.235.106.140
tebmit.com,103.75.184.19
techstom.com,148.66.136.190
techybhai.online,
tecni-soft.com,84.246.215.168
tekstiluzmangorusu.com,188.132.217.108
teloprestomedellin.com,185.201.11.188
templobelen.org,"172.67.132.109,104.21.4.204"
temptmag.com,173.233.72.81
terrazzaitaliana.mx,192.185.136.135
test.fontecsys.net,85.236.156.12
test.typoten.com,64.37.52.152
tg8.cllgxx.com,85.209.157.230
tg8.imuillj.com,85.209.157.230
thalesfu.com,47.75.0.38
thegift.live,23.111.138.149
theherohomes.in,68.178.233.42
thesalons.in,"162.159.138.85,162.159.137.85"
thestewardsco.com,64.41.86.36
thosewebbs.com,209.217.33.221
thuexevanphong.com,210.211.108.148
tianangdep.com,203.113.174.46
tidaldigitalagency.com,192.185.129.21
tiemvangngoctham.com,210.211.108.148
timamollo.co.za,102.130.117.87
timoleary.co.uk,77.92.83.1
titaniumspareparts.com,89.163.146.219
tk.w3.eyeteam.vn,45.122.222.210
tk2-205-12159.vs.sakura.ne.jp,160.16.58.163
tobecoaching.co.uk,139.162.200.189
todoapp.cstdevs.com,70.32.23.96
tonydong.com,66.49.204.205
topglobalconsulting.com,162.241.203.105
torresquinterocorp.com,67.225.221.232
torshshop.ir,171.22.26.92
tournhatrang.asia,103.78.88.61
toworks.ca,159.203.56.199
tradingview-brokers.learnforcareer.com,107.155.93.134
training.globodyinc.biz,192.169.148.125
transportevillatoro.com,75.98.175.106
traveladmin.sourcetaggers.com,209.159.155.2
travelandrewind.com,151.106.124.224
travels.cdtscorp.com,198.54.120.146
travelwithmanta.co.za,102.130.117.180
treeleaf.sourcetaggers.com,209.159.155.2
trieutin.com,119.17.253.214
tsms.ogcs-tn.com,198.54.116.75
tt.seplindia.net,
tuppatile.com,103.42.108.46
tupperware.michaelroberge.ca,64.37.52.52
tuxedopenguinhub.com,185.46.123.42
twart.myfirewall.org,2.56.57.193
twinings.grupoformax.net,132.148.195.20
ublretailerdemo.cstdevs.com,70.32.23.96
ubolt.app,192.169.177.142
udboxes.com,67.222.38.91
ukguk71.ru,92.53.96.12
ultradroneafrica.com,192.162.70.139
unbi.ba,195.130.35.140
underdohg.ug,
unicorpbrunei.com,103.14.122.111
unimed-corporated.com,92.249.45.99
unisoftcc.com,64.37.52.73
universalplastoind.com,109.70.148.52
unknowndsl.com,153.92.216.61
unlockingdreamsfinancial.com,67.222.38.82
unwittingjaggeddebugging.neumatic.repl.co,35.186.245.55
uploader.cc,150.95.9.230
uppcf.org,202.65.145.148
useractiv.com,104.196.192.156
uxsingh.com,162.241.85.21
uylab.org,"104.21.86.175,172.67.223.74"
uyomall.lightzillion.com,
v.xyzgamev.com,"172.67.188.70,104.21.40.196"
vagbharati.in,46.17.172.143
vanjaripariwar.info,92.249.44.100
vasarhelyitanyak.hu,85.90.183.215
vendasbestchoice.com,92.205.2.117
vendor.uhurubay.com,18.169.8.136
vfocus.net,43.154.130.44
vgr-usa.com,72.167.84.33
via2000.sr,
vianneyyleonboda.com,108.179.192.148
victorysanitizer.com,104.206.225.200
vietroll.vn,103.77.162.11
villatera.com,81.169.238.199
viphawan.com,202.183.192.210
vipteck.com,"172.67.222.51,104.21.54.12"
vipysknik.by,178.124.129.152
virajindustriesinc.com,69.49.230.125
visionnextgroup.net,66.96.133.4
vitrifrig0.com,192.185.174.179
vivifyhrindia.com,162.241.126.241
vksales.com,64.37.52.73
vocoptions.net,66.175.58.9
voteroebuck.com,192.124.249.187
vrstar-park.com,1.15.240.75
w1.zypaint.com,"113.1.0.33,112.90.43.190,42.4.53.211,116.169.51.71,101.70.154.119,61.54.91.228"
walkindrivetoday.com,104.206.225.200
warmee.in,208.91.198.24
watersgroupglobal.com,69.73.177.202
wawanhar.id,103.163.139.67
web.geomegasoft.net,67.23.226.7
webbandi.hu,194.38.104.132
webelet.in,43.225.55.226
webmk.de,138.201.57.161
weboculta.com,82.98.161.70
webs-up.com,119.59.103.152
websound.ru,88.212.202.2
weinsteincounseling.com,35.209.5.247
whizcraft.co.uk,50.87.147.60
wildnights.co.uk,83.170.122.30
windcomtechnologies.com,203.82.48.219
windsystem.hu,185.6.139.20
winonvulkan.ringhio.net,
winonvulkan.syrox-kosova.com,
worldofjain.com,
wshsoft.company,194.59.164.67
wtyjqpaszl-torjan.oss-cn-beijing.aliyuncs.com,59.110.185.111
www.21robo.com,107.172.94.51
www.TradeInsights.net,98.188.106.2
www.afyonmagazin.com,185.216.113.60
www.agies.org,107.191.100.214
www.alertsecurities.in,199.79.62.126
www.almoeqatar.com,74.63.213.89
www.ara-choob.com,185.118.152.195
www.arkidecture.com,162.241.123.25
www.arkpp.com,61.61.127.68
www.aseguradosaldia.com,179.43.114.254
www.automatic-taps.com,23.235.197.196
www.boucherie-thollas.com,195.154.171.10
www.bsi.com.vn,125.212.254.224
www.cagataygunes.com.tr,162.241.148.13
www.cellas.sk,37.9.175.18
www.chemsky.tn,196.203.199.20
www.chipmania.it,185.81.0.78
www.clasite.com,208.78.32.145
www.classicproduction.com,108.167.180.223
www.construlandia.com,75.103.83.62
www.dacui.online,180.122.76.213
www.daniellachar.com,"172.67.217.111,104.21.78.64"
www.davidludlow.com,208.97.189.155
www.dental.xiaoxiao.media,143.95.229.16
www.destinocuenca.com,173.237.185.110
www.doctorcasenave.com,200.58.110.201
www.doh-designsection.com,23.229.99.131
www.e-komersantai.lt,46.17.175.69
www.easyprotocols.com,208.113.170.14
www.elgatoconbotaseventos.es,91.142.211.40
www.empowercareer.com,"172.67.169.111,104.21.63.34"
www.enc-tech.com,209.59.212.81
www.ens-setif.dz,193.194.86.30
www.etoileinfosolutions.com,69.49.229.11
www.faitmaison.uk,109.176.163.49
www.fantasyclub.com.br,191.252.134.87
www.farsabeans.com,"172.67.217.90,104.21.24.69"
www.federation-sardaniste.fr,91.216.107.204
www.fixstudio.co.kr,211.37.179.219
www.garantihaliyikama.com,213.128.75.146
www.geowf.ge,185.163.200.34
www.godfathersjunk.com,208.109.79.117
www.greentechits.com,182.50.151.45
www.guedala.com.br,200.201.210.31
www.hangaryapi.com.tr,204.11.59.91
www.hellojohnwebb.com,69.163.217.127
www.hotelmourya.com,103.224.241.225
www.hseda.com,118.123.21.52
www.ideaplusjal.in,184.168.115.19
www.ingonherbal.com,203.146.127.133
www.izeltelekom.com,93.89.224.6
www.jackholland.eu,185.231.200.230
www.jdserralheria.com.br,209.126.102.185
www.jyotish-gyan.com,184.168.111.40
www.kjcpromo.com,162.254.215.227
www.ks.cn,121.32.243.75
www.landing.yetiapp.ec,34.69.62.139
www.littleplanetclass.com,162.144.92.248
www.mallineapp.com,"172.67.161.171,104.21.34.139"
www.manchesterot.co.uk,31.170.127.252
www.mediafire.com,"104.16.203.237,104.16.202.237"
www.melisetotoaksesuar.com,212.98.224.29
www.meltatours.co.za,129.232.198.200
www.metalgas.com.ar,138.219.41.198
www.mfevr.com,192.184.83.206
www.minpic.de,"172.67.132.56,104.21.12.184"
www.mpshtraining.com,31.170.160.184
www.nextcampolargo.com.br,191.252.132.135
www.officeinsumos.com,200.58.117.184
www.opolis.io,195.26.206.107
www.palharesinformatica.com.br,186.225.153.230
www.pierre.antharesmultimeios.com.br,108.179.193.183
www.pioneerimmigration.co.in,103.133.214.15
www.prestasicash.com.ar,200.68.105.195
www.reacredit.com.br,162.241.203.21
www.redesimpatia.com.br,192.185.213.66
www.reifenquick.de,185.137.168.76
www.reiwo-service.de,178.254.10.136
www.saudihtn.org,"104.21.44.8,172.67.192.143"
www.serafiliado.com,208.113.170.14
www.sindicato1ucm.cl,200.35.157.201
www.skyscan.com,35.207.107.141
www.solotrainingcenter.com,203.175.9.85
www.sota-france.fr,46.182.4.120
www.starcountry.net,183.179.229.6
www.sterlitecamotech.com,"104.21.96.115,172.67.179.48"
www.suddedx.com,203.159.92.68
www.supersanmutfak.com,178.18.197.4
www.teknoarge.com,212.12.151.74
www.teleargentina.com,86.109.170.181
www.teor-pt.com,168.119.191.106
www.toplevel.com.br,162.214.77.60
www.tractorandinas.com,192.185.115.3
www.universalcustomdesigns.com,107.180.46.168
www.up-00.com,94.130.132.238
www.uplooder.net,144.76.120.25
www.venessori.com,43.241.72.40
www.viralvia.fi,"104.21.21.122,172.67.198.155"
www.vivacuscoperu.com,160.153.72.162
www.websound.ru,88.212.202.2
www.weinsteincounseling.com,35.209.5.247
www.weitzmedicalmanagement.com,207.55.248.23
www.wenne24.keurigonline52.nl,
www.wpkms.com,103.129.15.51
www.yafa-coach.co.il,"172.67.167.179,104.21.35.17"
www.ysbaojia.com,120.77.146.229
xariatowing.co.za,41.185.8.61
xervicom.com.pe,192.185.98.48
xn----7sbhgfcdscaa3cdd6dq3e3dvf.xn--p1ai,31.31.198.122
xn--cheggl-videos-fr-gastronomie-g7c.de,217.160.0.9
xt.lykj988.com,"61.54.91.228,42.4.53.211,116.169.51.71,113.1.0.33,101.70.154.119,112.90.43.190"
xtreamdigital.com,185.212.71.10
xz.8dashi.com,119.206.200.180
xz888.oss-cn-hangzhou.aliyuncs.com,47.110.177.114
yagtransportation.com,192.254.190.32
yasb.in,"172.67.137.123,104.21.81.15"
yeichner.com,192.154.230.114
yestech.com.ng,162.0.209.170
yfo.yag.mybluehost.me,162.241.224.176
ymtdental.org,162.241.123.40
yp.hnggzyjy.cn,222.143.34.3
yzkzixun.com,61.129.47.23
zhengxinpeixun.oss-cn-qingdao.aliyuncs.com,47.104.38.201
ztekkhosting.com,104.255.194.168
